Workbook

Sheet Matriz
A1: Planilha de Inventário de Equipamentos - Minas Valor/ Poços de Caldas
A2: Tipo Ativo | B2: Modelo | C2: Fabricante | D2: Setor | E2: Quantidade | F2: Valor | G2: Valor Total
A3: Computador | B3: OptiPlex 3000 | C3: Dell | D3: Conselho Diretor Conselho Fiscal Financeiro Atendimento ao Cooperado Tecnologia da Informação (TI) Recursos Humanos (RH) | E3: 15 | F3: 3599 | G3: =E3*F3 -> 53985
A4: Servidor | B4: PowerEdge R450 | C4: Dell | D4: Tecnologia da Informação (TI) | E4: 1 | F4: 41256.93 | G4: =E4*F4 -> 41256.93
A5: Switch | B5: Catalyst C9300X-48HX-A | C5: Cisco | D5: Tecnologia da Informação (TI) | E5: 2 | F5: 35779.59 | G5: =E5*F5 -> 71559.18
A6: Mesa | B6: Marsala | C6: Pollo Móveis | D6: Conselho Diretor Conselho Fiscal Financeiro Atendimento ao Cooperado Tecnologia da Informação (TI) Recursos Humanos (RH) | E6: 15 | F6: 1067.85 | G6: =E6*F6 -> 16017.75
A7: Cadeira | B7: Uni Me | C7: Flexform | D7: Conselho Diretor Conselho Fiscal Financeiro Atendimento ao Cooperado Tecnologia da Informação (TI) Recursos Humanos (RH) | E7: 15 | F7: 833.85 | G7: =E7*F7 -> 12507.75
A8: Headset | B8: Logitech H111 | C8: Logitech | D8: Conselho Diretor Conselho Fiscal Financeiro Tecnologia da Informação (TI) | E8: 13 | F8: 115 | G8: =E8*F8 -> 1495
A9: Rack Servidor | B9: NetShelter SX 42U - AR3350 | C9: APC | D9: Tecnologia da Informação (TI) | E9: 1 | F9: 14151.92 | G9: =E9*F9 -> 14151.92
A10: Patch Panel | B10: Gigalan Premium | C10: Furukawa | D10: Conselho Diretor Conselho Fiscal Financeiro Atendimento ao Cooperado Tecnologia da Informação (TI) Recursos Humanos (RH) | E10: 2 | F10: 1000 | G10: 578.76
A11: Patch Cord | B11: Gigalan Premium | C11: Furukawa | D11: Conselho Diretor Conselho Fiscal Financeiro Atendimento ao Cooperado Tecnologia da Informação (TI) Recursos Humanos (RH) | E11: 53 | F11: 70 | G11: 847.47
A12: Conector | B12: Rj45 Cat6 | C12: link+ | D12: Conselho Diretor Conselho Fiscal Financeiro Atendimento ao Cooperado Tecnologia da Informação (TI) Recursos Humanos (RH) | E12: 48 | F12: 70 | G12: 125.13
A13: Placa Espelho | B13: Gigalan Premium | C13: Furukawa | D13: Conselho Diretor Conselho Fiscal Financeiro Atendimento ao Cooperado Tecnologia da Informação (TI) Recursos Humanos (RH) | E13: 48 | F13: 10 | G13: =E13*F13 -> 480
A14: Cabo de Rede | B14: LSZH Green | C14: Furukawa | D14: Conselho Diretor Conselho Fiscal Financeiro Atendimento ao Cooperado Tecnologia da Informação (TI) Recursos Humanos (RH) | E14: 2 | F14: 2277 | G14: =E14*F14 -> 4554
A15: Roteador | B15: ISR 4331/K9 | C15: Cisco | D15: Tecnologia da Informação (TI) | E15: 1 | F15: 13204.59 | G15: =E15*F15 -> 13204.59
A16: Impressora | B16: Laser DCPL2540DW | C16: Brother | D16: Conselho Diretor Conselho Fiscal Financeiro Atendimento ao Cooperado Tecnologia da Informação (TI) Recursos Humanos (RH) | E16: 6 | F16: 1934.99 | G16: =E16*F16 -> 11609.94
A17: Scanner | B17: WorkForce ES-400 II | C17: Epson | D17: Financeiro | E17: 5 | F17: 2300 | G17: =E17*F17 -> 11500
A18: Caixas Eletrônicos | B18: CS 2020 | C18: Diebold Nixdorf | D18: Atendimento ao Cooperado | E18: 3 | F18: 45000 | G18: =E18*F18 -> 135000
A19: Pin Pads (maquininhas de cartão) | B19: PPC930 USB | C19: Gertec | D19: Atendimento ao Cooperado | E19: 4 | F19: 780 | G19: =F19*E19 -> 3120
A20: Câmeras de CFTV IP | B20: IPC6325 | C20: Axis Communications | D20: Conselho Diretor Conselho Fiscal Financeiro Atendimento ao Cooperado Tecnologia da Informação (TI) Recursos Humanos (RH) | E20: 36 | F20: 503.61 | G20: =E20*F20 -> 18129.96
A21: Sistemas de Biometria | B21: Relógio de Ponto Control ID REP iDClass Bio Prox Catraca Biométrica Control iD iDBlock Next Fechadura elétrica | C21: Control iD Intelbras | D21: Conselho Diretor Financeiro Recursos Humanos (RH) | E21: 4 | F21: =1700+5200+250 -> 7150 | G21: =E21*F21 -> 28600
A22: TOTAL GERAL | E22: ="Soma Quantidade: " & SUM(E3:E21) -> Soma Quantidade: 274 | F22: ="*Soma dos Unitários: " & TEXT(SUM(F3:F21), "R$ #.##0,00") -> *Soma dos Unitários: R$ 171.104,33 | G22: ="Soma do Valor Total: " & TEXT(SUM(G3:G21), "R$ #.##0,00") -> Soma do Valor Total: R$ 438.723,38

Sheet Filial 1
A1: Planilha de Inventário de Equipamentos - Minas Valor/Águas da Prata
A2: Tipo Ativo | B2: Modelo | C2: Fabricante | D2: Setor | E2: Quantidade | F2: Valor | G2: Valor Total
A3: Computador | B3: OptiPlex 3000 | C3: Dell | D3: Atendimento ao Cooperado | E3: 3 | F3: 3599 | G3: =E3*F3 -> 10797
A4: Servidor | B4: PowerEdge R450 | C4: Dell | D4: Tecnologia da Informação (TI) | E4: 1 | F4: 41256.93 | G4: =E4*F4 -> 41256.93
A5: Switch | B5: C9200L-48P-4X-E | C5: Cisco | D5: Tecnologia da Informação (TI) | E5: 1 | F5: 11306.68 | G5: =F5 -> 11306.68
A6: Mesa | B6: Marsala | C6: Pollo Móveis | D6: Atendimento ao Cooperado | E6: 3 | F6: 1067.85 | G6: =E6*F6 -> 3203.55
A7: Cadeira | B7: Uni Me | C7: Flexform | D7: Atendimento ao Cooperado | E7: 3 | F7: 833.85 | G7: =E7*F7 -> 2501.55
A8: Headset | B8: Logitech H111 | C8: Logitech | D8: Atendimento ao Cooperado | E8: 3 | F8: 115 | G8: =E8*F8 -> 345
A9: Rack Servidor | B9: AR3103 | C9: APC | D9: Tecnologia da Informação (TI) | E9: 1 | F9: 6151.98 | G9: =E9*F9 -> 6151.98
A10: Patch Panel | B10: Gigalan Premium | C10: Furukawa | D10: Atendimento ao Cooperado | E10: 1 | F10: 1000 | G10: =E10*F10 -> 1000
A11: Patch Cord | B11: Gigalan Premium | C11: Furukawa | D11: Atendimento ao Cooperado | E11: 24 | F11: 70 | G11: =E11*F11 -> 1680
A12: Conector | B12: Rj45 Cat6 | C12: link+ | D12: Atendimento ao Cooperado | E12: 28 | F12: 70 | G12: =E12*F12 -> 1960
A13: Placa Espelho | B13: Gigalan Premium | C13: Furukawa | D13: Atendimento ao Cooperado | E13: 24 | F13: 10 | G13: =E13*F13 -> 240
A14: Cabo de Rede | B14: LSZH Green | C14: Furukawa | D14: Atendimento ao Cooperado | E14: 1 | F14: 2277 | G14: =E14*F14 -> 2277
A15: Roteador | B15: ISR 4331/K9 | C15: Cisco | D15: Atendimento ao Cooperado | E15: 1 | F15: 13204.59 | G15: =E15*F15 -> 13204.59
A16: Impressora | B16: Laser DCPL2540DW | C16: Brother | D16: Atendimento ao Cooperado | E16: 1 | F16: 1934.99 | G16: =E16*F16 -> 1934.99
A17: Scanner | B17: =Matriz!B17 -> WorkForce ES-400 II | C17: =Matriz!C17 -> Epson | D17: Atendimento ao Cooperado | E17: 1 | F17: =Matriz!F17 -> 2300 | G17: =E17*F17 -> 2300
A18: Caixas Eletrônicos | B18: CS 2020 | C18: Diebold Nixdorf | D18: Atendimento ao Cooperado | E18: 2 | F18: 45000 | G18: =E18*F18 -> 90000
A19: Pin Pads (maquininhas de cartão) | B19: =Matriz!B19 -> PPC930 USB | C19: =Matriz!C19 -> Gertec | D19: =Matriz!D19 -> Atendimento ao Cooperado | E19: 2 | F19: =Matriz!F19 -> 780 | G19: =E19*F19 -> 1560
A20: Câmeras de CFTV IP | B20: IPC6325 | C20: Axis Communications | D20: Conselho Diretor Conselho Fiscal Financeiro Atendimento ao Cooperado Tecnologia da Informação (TI) Recursos Humanos (RH) | E20: 20 | F20: 503.61 | G20: =E20*F20 -> 10072.2
A21: Sistemas de Biometria | B21: Relógio de Ponto Control ID REP iDClass Bio Prox Catraca Biométrica Control iD iDBlock Next | C21: Control iD Intelbras | D21: Atendimento ao Cooperado | E21: 2 | F21: =1700+5200 -> 6900 | G21: =E21*F21 -> 13800
A22: TOTAL GERAL | E22: ="Soma Quantidade: " & SUM(E3:E21) -> Soma Quantidade: 122 | F22: ="*Soma dos Unitários: " & TEXT(SUM(F3:F21), "R$ #.##0,00") -> *Soma dos Unitários: R$ 138.381,48 | G22: ="Soma do Valor Total: " & TEXT(SUM(G3:G21), "R$ #.##0,00") -> Soma do Valor Total: R$ 215.591,47

Sheet Filial 2
A1: Planilha de Inventário de Equipamentos - Minas Valor/São João da Boa Vista
A2: Tipo Ativo | B2: Modelo | C2: Fabricante | D2: Setor | E2: Quantidade | F2: Valor | G2: Valor Total
A3: Computador | B3: OptiPlex 3000 | C3: Dell | D3: Atendimento ao Cooperado | E3: 3 | F3: 3599 | G3: =E3*F3 -> 10797
A4: Servidor | B4: PowerEdge R450 | C4: Dell | D4: Tecnologia da Informação (TI) | E4: 1 | F4: 41256.93 | G4: =E4*F4 -> 41256.93
A5: Switch | B5: C9200L-48P-4X-E | C5: Cisco | D5: Tecnologia da Informação (TI) | E5: 1 | F5: 11306.68 | G5: =F5 -> 11306.68
A6: Mesa | B6: Marsala | C6: Pollo Móveis | D6: Atendimento ao Cooperado | E6: 3 | F6: 1067.85 | G6: =E6*F6 -> 3203.55
A7: Cadeira | B7: Uni Me | C7: Flexform | D7: Atendimento ao Cooperado | E7: 3 | F7: 833.85 | G7: =E7*F7 -> 2501.55
A8: Headset | B8: Logitech H111 | C8: Logitech | D8: Atendimento ao Cooperado | E8: 3 | F8: 115 | G8: =E8*F8 -> 345
A9: Rack Servidor | B9: AR3103 | C9: APC | D9: Tecnologia da Informação (TI) | E9: 1 | F9: 6151.98 | G9: =E9*F9 -> 6151.98
A10: Patch Panel | B10: Gigalan Premium | C10: Furukawa | D10: Atendimento ao Cooperado | E10: 1 | F10: 1000 | G10: =E10*F10 -> 1000
A11: Patch Cord | B11: Gigalan Premium | C11: Furukawa | D11: Atendimento ao Cooperado | E11: 24 | F11: 70 | G11: =E11*F11 -> 1680
A12: Conector | B12: Rj45 Cat6 | C12: link+ | D12: Atendimento ao Cooperado | E12: 28 | F12: 70 | G12: =E12*F12 -> 1960
A13: Placa Espelho | B13: Gigalan Premium | C13: Furukawa | D13: Atendimento ao Cooperado | E13: 24 | F13: 10 | G13: =E13*F13 -> 240
A14: Cabo de Rede | B14: LSZH Green | C14: Furukawa | D14: Atendimento ao Cooperado | E14: 1 | F14: 2277 | G14: =E14*F14 -> 2277
A15: Roteador | B15: ISR 4331/K9 | C15: Cisco | D15: Atendimento ao Cooperado | E15: 1 | F15: 13204.59 | G15: =E15*F15 -> 13204.59
A16: Impressora | B16: Laser DCPL2540DW | C16: Brother | D16: Atendimento ao Cooperado | E16: 1 | F16: 1934.99 | G16: =E16*F16 -> 1934.99
A17: Scanner | B17: =Matriz!B17 -> WorkForce ES-400 II | C17: =Matriz!C17 -> Epson | D17: =Matriz!D17 -> Financeiro | E17: 1 | F17: =Matriz!F17 -> 2300 | G17: =F17*E17 -> 2300
A18: Caixas Eletrônicos | B18: CS 2020 | C18: Diebold Nixdorf | D18: Atendimento ao Cooperado | E18: 2 | F18: 45000 | G18: =F18*E18 -> 90000
A19: Pin Pads (maquininhas de cartão) | B19: =Matriz!B19 -> PPC930 USB | C19: =Matriz!C19 -> Gertec | D19: =Matriz!D19 -> Atendimento ao Cooperado | E19: 2 | F19: =Matriz!F19 -> 780 | G19: =F19*E19 -> 1560
A20: Câmeras de CFTV IP | B20: IPC6325 | C20: Axis Communications | D20: Conselho Diretor Conselho Fiscal Financeiro Atendimento ao Cooperado Tecnologia da Informação (TI) Recursos Humanos (RH) | E20: 20 | F20: 503.61 | G20: =E20*F20 -> 10072.2
A21: Sistemas de Biometria | B21: Relógio de Ponto Control ID REP iDClass Bio Prox Catraca Biométrica Control iD iDBlock Next | C21: Control iD Intelbras | D21: Atendimento ao Cooperado | E21: 2 | F21: =1700+5200 -> 6900 | G21: =E21*F21 -> 13800
A22: TOTAL GERAL | E22: ="Soma Quantidade: " & SUM(E3:E21) -> Soma Quantidade: 122 | F22: ="*Soma dos Unitários: " & TEXT(SUM(F3:F21), "R$ #.##0,00") -> *Soma dos Unitários: R$ 138.381,48 | G22: ="Soma do Valor Total: " & TEXT(SUM(G3:G21), "R$ #.##0,00") -> Soma do Valor Total: R$ 215.591,47

Sheet Filial 3
A1: Planilha de Inventário de Equipamentos - Minas Valor/Bandeira do Sul
A2: Tipo Ativo | B2: Modelo | C2: Fabricante | D2: Setor | E2: Quantidade | F2: Valor | G2: Valor Total
A3: Computador | B3: OptiPlex 3000 | C3: Dell | D3: Atendimento ao Cooperado | E3: 3 | F3: 3599 | G3: =E3*F3 -> 10797
A4: Servidor | B4: PowerEdge R450 | C4: Dell | D4: Tecnologia da Informação (TI) | E4: 1 | F4: 41256.93 | G4: =E4*F4 -> 41256.93
A5: Switch | B5: C9200L-48P-4X-E | C5: Cisco | D5: Tecnologia da Informação (TI) | E5: 1 | F5: 11306.68 | G5: =F5 -> 11306.68
A6: Mesa | B6: Marsala | C6: Pollo Móveis | D6: Atendimento ao Cooperado | E6: 3 | F6: 1067.85 | G6: =E6*F6 -> 3203.55
A7: Cadeira | B7: Uni Me | C7: Flexform | D7: Atendimento ao Cooperado | E7: 3 | F7: 833.85 | G7: =E7*F7 -> 2501.55
A8: Headset | B8: Logitech H111 | C8: Logitech | D8: Atendimento ao Cooperado | E8: 3 | F8: 115 | G8: =E8*F8 -> 345
A9: Rack Servidor | B9: AR3103 | C9: APC | D9: Tecnologia da Informação (TI) | E9: 1 | F9: 6151.98 | G9: =E9*F9 -> 6151.98
A10: Patch Panel | B10: Gigalan Premium | C10: Furukawa | D10: Atendimento ao Cooperado | E10: 1 | F10: 1000 | G10: =E10*F10 -> 1000
A11: Patch Cord | B11: Gigalan Premium | C11: Furukawa | D11: Atendimento ao Cooperado | E11: 24 | F11: 70 | G11: =E11*F11 -> 1680
A12: Conector | B12: Rj45 Cat6 | C12: link+ | D12: Atendimento ao Cooperado | E12: 28 | F12: 70 | G12: =E12*F12 -> 1960
A13: Placa Espelho | B13: Gigalan Premium | C13: Furukawa | D13: Atendimento ao Cooperado | E13: 24 | F13: 10 | G13: =E13*F13 -> 240
A14: Cabo de Rede | B14: LSZH Green | C14: Furukawa | D14: Atendimento ao Cooperado | E14: 1 | F14: 2277 | G14: =E14*F14 -> 2277
A15: Roteador | B15: ISR 4331/K9 | C15: Cisco | D15: Atendimento ao Cooperado | E15: 1 | F15: 13204.59 | G15: =E15*F15 -> 13204.59
A16: Impressora | B16: Laser DCPL2540DW | C16: Brother | D16: Atendimento ao Cooperado | E16: 1 | F16: 1934.99 | G16: =E16*F16 -> 1934.99
A17: Scanner | B17: =Matriz!B17 -> WorkForce ES-400 II | C17: =Matriz!C17 -> Epson | D17: =Matriz!D17 -> Financeiro | E17: 1 | F17: =Matriz!F17 -> 2300 | G17: =F17*E17 -> 2300
A18: Caixas Eletrônicos | B18: CS 2020 | C18: Diebold Nixdorf | D18: Atendimento ao Cooperado | E18: 2 | F18: 45000 | G18: =F18*E18 -> 90000
A19: Pin Pads (maquininhas de cartão) | B19: =Matriz!B19 -> PPC930 USB | C19: =Matriz!C19 -> Gertec | D19: =Matriz!D19 -> Atendimento ao Cooperado | E19: 2 | F19: =Matriz!F19 -> 780 | G19: =F19*E19 -> 1560
A20: Câmeras de CFTV IP | B20: IPC6325 | C20: Axis Communications | D20: Conselho Diretor Conselho Fiscal Financeiro Atendimento ao Cooperado Tecnologia da Informação (TI) Recursos Humanos (RH) | E20: 20 | F20: 503.61 | G20: =E20*F20 -> 10072.2
A21: Sistemas de Biometria | B21: Relógio de Ponto Control ID REP iDClass Bio Prox Catraca Biométrica Control iD iDBlock Next | C21: Control iD Intelbras | D21: Atendimento ao Cooperado | E21: 2 | F21: =1700+5200 -> 6900 | G21: =E21*F21 -> 13800
A22: TOTAL GERAL | E22: ="Soma Quantidade: " & SUM(E3:E21) -> Soma Quantidade: 122 | F22: ="*Soma dos Unitários: " & TEXT(SUM(F3:F21), "R$ #.##0,00") -> *Soma dos Unitários: R$ 138.381,48 | G22: ="Soma do Valor Total: " & TEXT(SUM(G3:G21), "R$ #.##0,00") -> Soma do Valor Total: R$ 215.591,47

Sheet Filial 4
A1: Planilha de Inventário de Equipamentos - Minas Valor/São José do Rio Pardo
A2: Tipo Ativo | B2: Modelo | C2: Fabricante | D2: Setor | E2: Quantidade | F2: Valor | G2: Valor Total
A3: Computador | B3: OptiPlex 3000 | C3: Dell | D3: Atendimento ao Cooperado | E3: 3 | F3: 3599 | G3: =E3*F3 -> 10797
A4: Servidor | B4: PowerEdge R450 | C4: Dell | D4: Tecnologia da Informação (TI) | E4: 1 | F4: 41256.93 | G4: =E4*F4 -> 41256.93
A5: Switch | B5: C9200L-48P-4X-E | C5: Cisco | D5: Tecnologia da Informação (TI) | E5: 1 | F5: 11306.68 | G5: =F5 -> 11306.68
A6: Mesa | B6: Marsala | C6: Pollo Móveis | D6: Atendimento ao Cooperado | E6: 3 | F6: 1067.85 | G6: =E6*F6 -> 3203.55
A7: Cadeira | B7: Uni Me | C7: Flexform | D7: Atendimento ao Cooperado | E7: 3 | F7: 833.85 | G7: =E7*F7 -> 2501.55
A8: Headset | B8: Logitech H111 | C8: Logitech | D8: Atendimento ao Cooperado | E8: 3 | F8: 115 | G8: =E8*F8 -> 345
A9: Rack Servidor | B9: AR3103 | C9: APC | D9: Tecnologia da Informação (TI) | E9: 1 | F9: 6151.98 | G9: =E9*F9 -> 6151.98
A10: Patch Panel | B10: Gigalan Premium | C10: Furukawa | D10: Atendimento ao Cooperado | E10: 1 | F10: 1000 | G10: =E10*F10 -> 1000
A11: Patch Cord | B11: Gigalan Premium | C11: Furukawa | D11: Atendimento ao Cooperado | E11: 24 | F11: 70 | G11: =E11*F11 -> 1680
A12: Conector | B12: Rj45 Cat6 | C12: link+ | D12: Atendimento ao Cooperado | E12: 28 | F12: 70 | G12: =E12*F12 -> 1960
A13: Placa Espelho | B13: Gigalan Premium | C13: Furukawa | D13: Atendimento ao Cooperado | E13: 24 | F13: 10 | G13: =E13*F13 -> 240
A14: Cabo de Rede | B14: LSZH Green | C14: Furukawa | D14: Atendimento ao Cooperado | E14: 1 | F14: 2277 | G14: =E14*F14 -> 2277
A15: Roteador | B15: ISR 4331/K9 | C15: Cisco | D15: Atendimento ao Cooperado | E15: 1 | F15: 13204.59 | G15: =E15*F15 -> 13204.59
A16: Impressora | B16: Laser DCPL2540DW | C16: Brother | D16: Atendimento ao Cooperado | E16: 1 | F16: 1934.99 | G16: =E16*F16 -> 1934.99
A17: Scanner | B17: =Matriz!B17 -> WorkForce ES-400 II | C17: =Matriz!C17 -> Epson | D17: =Matriz!D17 -> Financeiro | E17: 1 | F17: =Matriz!F17 -> 2300 | G17: =E17*F17 -> 2300
A18: Caixas Eletrônicos | B18: CS 2020 | C18: Diebold Nixdorf | D18: Atendimento ao Cooperado | E18: 2 | F18: 45000 | G18: =E18*F18 -> 90000
A19: Pin Pads (maquininhas de cartão) | B19: =Matriz!B19 -> PPC930 USB | C19: =Matriz!C19 -> Gertec | D19: =Matriz!D19 -> Atendimento ao Cooperado | E19: 2 | F19: =Matriz!F19 -> 780 | G19: =F19*E19 -> 1560
A20: Câmeras de CFTV IP | B20: IPC6325 | C20: Axis Communications | D20: Conselho Diretor Conselho Fiscal Financeiro Atendimento ao Cooperado Tecnologia da Informação (TI) Recursos Humanos (RH) | E20: 20 | F20: 503.61 | G20: =E20*F20 -> 10072.2
A21: Sistemas de Biometria | B21: Relógio de Ponto Control ID REP iDClass Bio Prox Catraca Biométrica Control iD iDBlock Next | C21: Control iD Intelbras | D21: Atendimento ao Cooperado | E21: 2 | F21: =1700+5200 -> 6900 | G21: =E21*F21 -> 13800
A22: TOTAL GERAL | E22: ="Soma Quantidade: " & SUM(E3:E21) -> Soma Quantidade: 122 | F22: ="*Soma dos Unitários: " & TEXT(SUM(F3:F21), "R$ #.##0,00") -> *Soma dos Unitários: R$ 138.381,48 | G22: ="Soma do Valor Total: " & TEXT(SUM(G3:G21), "R$ #.##0,00") -> Soma do Valor Total: R$ 215.591,47

Sheet Filial 5
A1: Planilha de Inventário de Equipamentos - Minas Valor/Andradas
A2: Tipo Ativo | B2: Modelo | C2: Fabricante | D2: Setor | E2: Quantidade | F2: Valor | G2: Valor Total
A3: Computador | B3: OptiPlex 3000 | C3: Dell | D3: Atendimento ao Cooperado | E3: 3 | F3: 3599 | G3: =E3*F3 -> 10797
A4: Servidor | B4: PowerEdge R450 | C4: Dell | D4: Tecnologia da Informação (TI) | E4: 1 | F4: 41256.93 | G4: =E4*F4 -> 41256.93
A5: Switch | B5: C9200L-48P-4X-E | C5: Cisco | D5: Tecnologia da Informação (TI) | E5: 1 | F5: 11306.68 | G5: =F5*E5 -> 11306.68
A6: Mesa | B6: Marsala | C6: Pollo Móveis | D6: Atendimento ao Cooperado | E6: 3 | F6: 1067.85 | G6: =E6*F6 -> 3203.55
A7: Cadeira | B7: Uni Me | C7: Flexform | D7: Atendimento ao Cooperado | E7: 3 | F7: 833.85 | G7: =E7*F7 -> 2501.55
A8: Headset | B8: Logitech H111 | C8: Logitech | D8: Atendimento ao Cooperado | E8: 3 | F8: 115 | G8: =E8*F8 -> 345
A9: Rack Servidor | B9: AR3103 | C9: APC | D9: Tecnologia da Informação (TI) | E9: 1 | F9: 6151.98 | G9: =E9*F9 -> 6151.98
A10: Patch Panel | B10: Gigalan Premium | C10: Furukawa | D10: Atendimento ao Cooperado | E10: 1 | F10: 1000 | G10: =E10*F10 -> 1000
A11: Patch Cord | B11: Gigalan Premium | C11: Furukawa | D11: Atendimento ao Cooperado | E11: 24 | F11: 70 | G11: =E11*F11 -> 1680
A12: Conector | B12: Rj45 Cat6 | C12: link+ | D12: Atendimento ao Cooperado | E12: 28 | F12: 70 | G12: =E12*F12 -> 1960
A13: Placa Espelho | B13: Gigalan Premium | C13: Furukawa | D13: Atendimento ao Cooperado | E13: 24 | F13: 10 | G13: =E13*F13 -> 240
A14: Cabo de Rede | B14: LSZH Green | C14: Furukawa | D14: Atendimento ao Cooperado | E14: 1 | F14: 2277 | G14: =E14*F14 -> 2277
A15: Roteador | B15: ISR 4331/K9 | C15: Cisco | D15: Atendimento ao Cooperado | E15: 1 | F15: 13204.59 | G15: =E15*F15 -> 13204.59
A16: Impressora | B16: Laser DCPL2540DW | C16: Brother | D16: Atendimento ao Cooperado | E16: 1 | F16: 1934.99 | G16: =E16*F16 -> 1934.99
A17: Scanner | B17: =Matriz!B17 -> WorkForce ES-400 II | C17: =Matriz!C17 -> Epson | D17: =Matriz!D17 -> Financeiro | E17: 1 | F17: =Matriz!F17 -> 2300 | G17: =E17*F17 -> 2300
A18: Caixas Eletrônicos | B18: CS 2020 | C18: Diebold Nixdorf | D18: Atendimento ao Cooperado | E18: 2 | F18: 45000 | G18: =E18*F18 -> 90000
A19: Pin Pads (maquininhas de cartão) | B19: =Matriz!B19 -> PPC930 USB | C19: =Matriz!C19 -> Gertec | D19: =Matriz!D19 -> Atendimento ao Cooperado | E19: 2 | F19: =Matriz!F19 -> 780 | G19: =F19*E19 -> 1560
A20: Câmeras de CFTV IP | B20: IPC6325 | C20: Axis Communications | D20: Conselho Diretor Conselho Fiscal Financeiro Atendimento ao Cooperado Tecnologia da Informação (TI) Recursos Humanos (RH) | E20: 20 | F20: 503.61 | G20: =E20*F20 -> 10072.2
A21: Sistemas de Biometria | B21: Relógio de Ponto Control ID REP iDClass Bio Prox Catraca Biométrica Control iD iDBlock Next | C21: Control iD Intelbras | D21: Atendimento ao Cooperado | E21: 2 | F21: =1700+5200 -> 6900 | G21: =E21*F21 -> 13800
A22: TOTAL GERAL | E22: ="Soma Quantidade: " & SUM(E3:E21) -> Soma Quantidade: 122 | F22: ="*Soma dos Unitários: " & TEXT(SUM(F3:F21), "R$ #.##0,00") -> *Soma dos Unitários: R$ 138.381,48 | G22: ="Soma do Valor Total: " & TEXT(SUM(G3:G21), "R$ #.##0,00") -> Soma do Valor Total: R$ 215.591,47

Sheet Endereçamento IP
A1: Planilha de IP's
A2: Nome | B2: IP adress | C2: Subnet Mask | D2: IP Gateway | E2: IP Range | F2: DHCP IP
A3: Server Matriz | B3: 192.168.0.2 | C3: 255.255.255.0 | D3: 192.168.0.1 | E3: 192.168.0.0/24
A4: PCConselhoDiretor1 | B4: 192.168.0.21 | C4: 255.255.255.0 | D4: 192.168.0.1 | E4: 192.168.0.0/24
A5: PCConselhoDiretor2 | B5: 192.168.0.22 | C5: 255.255.255.0 | D5: 192.168.0.1 | E5: 192.168.0.0/24
A6: PCConselhoDiretor3 | B6: 192.168.0.23 | C6: 255.255.255.0 | D6: 192.168.0.1 | E6: 192.168.0.0/24
A7: ImpressoraConselhoDir | B7: 192.168.0.24 | C7: 255.255.255.0 | D7: 192.168.0.1 | E7: 192.168.0.0/24
A8: PCConselhoFiscal1 | B8: 192.168.0.25 | C8: 255.255.255.0 | D8: 192.168.0.1 | E8: 192.168.0.0/24
A9: PCConselhoFiscal2 | B9: 192.168.0.26 | C9: 255.255.255.0 | D9: 192.168.0.1 | E9: 192.168.0.0/24
A10: PCConselhoFiscal3 | B10: 192.168.0.27 | C10: 255.255.255.0 | D10: 192.168.0.1 | E10: 192.168.0.0/24
A11: ImpressoraConselhoFiscal | B11: 192.168.0.28 | C11: 255.255.255.0 | D11: 192.168.0.1 | E11: 192.168.0.0/24
A12: PC Financeiro1 | B12: 192.168.0.29 | C12: 255.255.255.0 | D12: 192.168.0.1 | E12: 192.168.0.0/24
A13: PC Financeiro2 | B13: 192.168.0.30 | C13: 255.255.255.0 | D13: 192.168.0.1 | E13: 192.168.0.0/24
A14: Impressora Financeiro | B14: 192.168.0.31 | C14: 255.255.255.0 | D14: 192.168.0.1 | E14: 192.168.0.0/24
... A45: Impressora Filial3 | B45: 192.168.3.15 | C45: 255.255.255.0 | D45: 192.168.3.1 | E45: 192.168.3.0/24

Sheet Cálculo Links
A1: Cálculo de Links de dados e de Internet
A2: Necessidades Corporativas | C2: Matriz Poços de Caldas | E2: Filial Águas da Prata | G2: Filial São João da Boa Vista | I2: Filial Bandeira do Sul | K2: Filial São José do Rio Pardo | M2: Filial Andradas
A3: Aplicação | B3: Requisitos (kbps | C3: Quantidade | D3: Total (kbps) | E3: Quantidade | F3: Total (kbps) | G3: Quantidade | H3: Total (kbps) | I3: Quantidade | J3: Total (kbps) | K3: Quantidade | L3: Total (kbps) | M3: Quantidade | N3: Total (kbps)
A4: Internet Banking | B4: 1200 | C4: 5 | D4: =C4*$B4 -> 6000 | E4: 3 | F4: =E4*$B4 -> 3600 | G4: 3 | H4: =G4*$B4 -> 3600 | I4: 3 | J4: =I4*$B4 -> 3600 | K4: 3 | L4: =K4*$B4 -> 3600 | M4: 3 | N4: =M4*$B4 -> 3600
A5: Videoconferência | B5: 1800 | C5: 6 | D5: =C5*$B5 -> 10800 | E5: 1 | F5: =E5*$B5 -> 1800 | G5: 1 | H5: =G5*$B5 -> 1800 | I5: 1 | J5: =I5*$B5 -> 1800 | K5: 1 | L5: =K5*$B5 -> 1800 | M5: 1 | N5: =M5*$B5 -> 1800
A6: Sistema Legado | B6: 200 | C6: 25 | D6: =C6*$B6 -> 5000 | E6: 4 | F6: =E6*$B6 -> 800 | G6: 4 | H6: =G6*$B6 -> 800 | I6: 4 | J6: =I6*$B6 -> 800 | K6: 4 | L6: =K6*$B6 -> 800 | M6: 4 | N6: =M6*$B6 -> 800
A7: Suporte Remoto | B7: 800 | C7: 2 | D7: =C7*$B7 -> 1600 | E7: 2 | F7: =E7*$B7 -> 1600 | G7: 2 | H7: =G7*$B7 -> 1600 | I7: 2 | J7: =I7*$B7 -> 1600 | K7: 2 | L7: =K7*$B7 -> 1600 | M7: 2 | N7: =M7*$B7 -> 1600
A8: Web | B8: 1600 | C8: 25 | D8: =C8*$B8 -> 40000 | E8: 3 | F8: =E8*$B8 -> 4800 | G8: 3 | H8: =G8*$B8 -> 4800 | I8: 3 | J8: =I8*$B8 -> 4800 | K8: 3 | L8: =K8*$B8 -> 4800 | M8: 3 | N8: =M8*$B8 -> 4800
A9: E-mail | B9: 400 | C9: 25 | D9: =C9*$B9 -> 10000 | E9: 3 | F9: =E9*$B9 -> 1200 | G9: 3 | H9: =G9*$B9 -> 1200 | I9: 3 | J9: =I9*$B9 -> 1200 | K9: 3 | L9: =K9*$B9 -> 1200 | M9: 3 | N9: =M9*$B9 -> 1200
E12: Total App | F12: =SUM(F4:F9) -> 13800 | G12: Total App | H12: =SUM(H4:H9) -> 13800 | I12: Total App | J12: =SUM(J4:J9) -> 13800 | K12: Total App | L12: =SUM(L4:L9) -> 13800 | M12: Total App | N12: =SUM(N4:N9) -> 13800
C14: Total Internet | D14: =D4+D8+D9 -> 56000 | E14: Total Internet | F14: =F4+F8+F9 -> 9600 | G14: Total Internet | H14: =H4+H8+H9 -> 9600 | I14: Total Internet | J14: =J4+J8+J9 -> 9600 | K14: Total Internet | L14: =L4+L8+L9 -> 9600 | M14: Total Internet | N14: =N4+N8+N9 -> 9600
C15: Link Internet | E15: Link Matriz <--> Filial 1 | G15: Link Matriz <--> Filial 2 | I15: Link Matriz <--> Filial 3 | K15: Link Matriz <--> Filial 3 | M15: Link Matriz <--> Filial 3
A16: Redutor capacid. | B16: 1 | C16: =D14+F14+H14+J14 -> 84800 | E16: =F12 -> 13800 | G16: =H12 -> 13800 | I16: =J12 -> 13800 | K16: =L12 -> 13800 | M16: =N12 -> 13800
